city,total_revenue
Rio de Janeiro,7292025.700000009
São Paulo,3173817.1299999966
Belo Horizonte,1187579.64
Brasília,902878.0399999996
Niterói,898659.4899999991
Salvador,698111.5800000002
Recife,519576.3600000001
Goiânia,501664.87
Curitiba,479955.2300000001
Campinas,379165.3600000001
São Gonçalo,328820.66000000003
Vila Velha,323557.78
Duque de Caxias,315532.71000000014
Vitória,312055.76
Porto Alegre,301918.53
Campos dos Goytacazes,263067.47
Florianópolis,257651.08000000002
Nova Iguaçu,252287.77000000002
Aracaju,249809.80999999997
Fortaleza,247683.48
Ribeirão Preto,245776.89999999997
Maceió,244659.41999999998
Serra,234145.30999999994
Juiz de Fora,227038.86999999994
Uberlândia,220552.71999999997
Santos,204503.28999999998
Macaé,196573.98999999996
Belém,178578.99
Volta Redonda,171364.91999999998
Londrina,169741.34
João Pessoa,148162.12
Maringá,144558.17
Montes Claros,141544.12
Manaus,141099.93
Teresina,136860.68
Natal,134607.38
Nova Friburgo,125818.11000000002
São José dos Campos,124158.67000000001
Santo André,121055.62
Cariacica,120611.13000000002
Contagem,119741.11
Campo Grande,118326.44
Sorocaba,114249.59
São Bernardo do Campo,112909.68000000001
Cabo Frio,110929.23000000001
Maricá,109221.97
São Luís,103758.79000000001
Jundiaí,103592.76
Piracicaba,101460.25
Petrópolis,101337.64000000001
São João de Meriti,99472.63000000002
Cuiabá,98626.96000000002
São José do Rio Preto,94442.39
Uberaba,93847.64000000001
Barra Mansa,93491.68000000001
Itaboraí,89689.95000000001
Feira de Santana,86623.86
Porto Velho,85562.45
Rio Branco,84122.72
Linhares,82529.91
Angra dos Reis,81772.06
Teresópolis,81266.33000000002
Limeira,78894.71
Rio das Ostras,77248.23
Muriaé,76597.71000000002
Guarulhos,75894.54000000001
Osasco,74958.53
Franca,74864.56
Nilópolis,74591.73000000001
Palmas,74227.45
Ipatinga,74165.93
Cataguases,73918.17
Santana de Parnaíba,73577.29
Governador Valadares,69550.78
Guarapari,67391.48
Nova Lima,62230.75
São Mateus,62100.759999999995
Jaboatão dos Guararapes,61609.020000000004
Petrolina,61304.649999999994
Barueri,59482.68
Resende,59450.42
Americana,59393.850000000006
Lauro de Freitas,58621.990000000005
Camaçari,57481.07000000001
Bauru,56939.270000000004
Belford Roxo,55067.06
São João Del Rei,54599.95999999999
São Caetano do Sul,54593.8
Taubaté,54566.990000000005
Brusque,53136.4
Itabirito,52745.97
Itaguaí,52503.399999999994
Araruama,52225.95
Itaperuna,52101.28999999999
Cachoeiro de Itapemirim,51965.44
Rio Claro,51658.369999999995
Valença,51247.57000000001
São Fidélis,50748.340000000004
Vitória da Conquista,50533.65
Blumenau,47454.409999999996
Bom Jesus da Lapa,47093.92999999999
São Carlos,46699.82
Patos de Minas,46487.49
Betim,45710.65
Três Rios,45499.26
Anápolis,45487.76
Marília,45259.149999999994
Dourados,45069.9
Valinhos,44913.869999999995
Colatina,44548.55
Araçatuba,44459.59
Porto Seguro,44322.64
Lavras,43820.77
Patrocínio,43190.450000000004
Magé,42532.329999999994
Parauapebas,42529.32
Aracruz,42359.76
São Pedro da Aldeia,42302.56
Teófilo Otoni,42065.98
Ilhéus,42041.58
Mogi das Cruzes,41308.79
Saquarema,40934.0
Mesquita,40831.2
São José,40600.0
Praia Grande,39323.549999999996
Joinville,39307.47
Imperatriz,39020.49
Barra do Piraí,38921.979999999996
Indaiatuba,38489.149999999994
Itabuna,38131.490000000005
Catanduva,38125.11
Paracatu,37870.97
RIO DE JANEIRO,37867.96
Bragança Paulista,37845.6
Olinda,36935.170000000006
Mossoró,36609.56
Presidente Prudente,36468.47
Itajaí,36366.100000000006
Parnamirim,35922.350000000006
Balneário Camboriú,34828.07
Ji-Paraná,34599.37
Rio Verde,33992.06
Araguari,33954.97
Araraquara,33929.270000000004
Cotia,33766.57000000001
Itaúna,33364.479999999996
Rondonópolis,33146.020000000004
Campina Grande,32895.3
Caratinga,32743.5
Foz do Iguaçu,32202.690000000002
Poços de Caldas,32167.119999999995
Dracena,31807.190000000002
Santo Antônio de Jesus,31511.5
Rio Bonito,31114.059999999998
Sumaré,30840.769999999997
Guarujá,30640.59
Luziânia,30596.579999999998
Casimiro de Abreu,29776.239999999998
Juazeiro,29740.090000000004
Arapiraca,29704.049999999996
Leopoldina,29492.2
Jacareí,29361.7
Ubá,28964.95
Itabira,28718.87
Mogi Guaçu,28599.879999999997
Lagoa Santa,28578.589999999997
Barreiras,28500.66
Barbacena,28031.979999999996
Seropédica,27804.17
Eunápolis,27703.8
Santa Maria,27556.9
Timóteo,27423.449999999997
Catalão,27254.4
Vassouras,27207.1
SAO PAULO,27110.4
Cascavel,26817.38
Boa Vista,25883.800000000003
São Vicente,25812.58
Mococa,25748.0
Jaraguá do Sul,25684.97
Aparecida de Goiânia,25493.28
Caxias do Sul,25419.0
Itatiba,25259.179999999997
Formosa,25182.739999999998
Coronel Fabriciano,25162.57
Divinópolis,25133.57
Macapá,24865.879999999997
Jaú,24861.78
Cruzeiro,24777.59
Castelo,24603.7
Conselheiro Lafaiete,24592.379999999997
Atibaia,24225.690000000002
Diadema,24031.690000000002
Porciúncula,23952.619999999995
Carapicuíba,23949.489999999998
Além Paraíba,23848.48
Umuarama,23623.44
Botucatu,23617.2
Apucarana,23451.5
Vinhedo,23334.75
Nova Venécia,23301.29
Arraial do Cabo,23157.36
Santa Luzia,23052.89
Paulínia,22954.39
Criciúma,22821.39
Viçosa,22722.48
Manhuaçu,22633.68
Pouso Alegre,22567.989999999998
Mangaratiba,22547.29
Ponta Grossa,22307.59
Santa Bárbara D'Oeste,22095.84
Paraty,22093.17
Ananindeua,21912.03
Caçapava,21673.8
Mariana,21608.15
Santarém,21541.6
São José dos Pinhais,21424.050000000003
Brumadinho,21339.77
Rio Bananal,21304.690000000002
Sinop,20906.37
Barretos,20795.1
Parnaíba,20739.35
Porto Ferreira,20728.879999999997
Pindamonhangaba,20536.5
Taboão da Serra,20447.2
Itapema,20295.3
Sete Lagoas,20222.48
Monte Alto,20092.59
Arapongas,19954.68
Andradina,19791.449999999997
Hortolândia,19542.36
São Sebastião,19537.29
Paulo Afonso,19457.46
Marabá,19361.98
Unaí,19329.800000000003
Caraguatatuba,19194.489999999998
Paulista,19186.47
Palmeira dos Índios,18840.19
Cacoal,18808.1
Irecê,18794.9
Sertãozinho,18641.5
Ouro Preto,18621.1
Marataízes,18585.0
Armação dos Búzios,18561.15
Viana,18507.07
Cordeiro,18467.489999999998
Guanambi,18375.89
Ilhabela,18375.28
Alfenas,18339.47
Chapecó,18191.2
Diamantina,18171.989999999998
Trindade,18109.55
Queimados,18096.449999999997
Araxá,18078.989999999998
Cruzeiro do Sul,18073.5
São João da Boa Vista,18035.08
Castanhal,18013.48
Nova Esperança,17863.379999999997
Palhoça,17837.339999999997
Alagoinhas,17825.48
Assis,17743.4
Tangará da Serra,17687.8
Birigüi,17657.9
Ubatuba,17619.489999999998
Itumbiara,17616.7
Vilhena,17519.5
Miracema,17511.129999999997
Lorena,17344.18
Pelotas,17337.9
Pancas,17315.2
Jaboticabal,17221.98
Suzano,17191.0
Formiga,16818.95
Itamaraju,16812.58
João Monlevade,16803.0
Bom Jardim,16629.39
Três Lagoas,16427.769999999997
Paracambi,16375.46
Caruaru,16359.2
São João da Barra,16232.49
Simões Filho,16208.8
Araras,16185.55
Teixeira de Freitas,16086.39
Piraí,16077.47
Cristalina,15989.99
Jacarezinho,15972.49
Itapetininga,15903.5
Santo Antônio de Pádua,15808.97
Garopaba,15765.779999999999
Várzea Grande,15758.99
Varginha,15597.5
Januária,15581.99
Canoas,15581.49
Batatais,15482.89
Sabará,15431.79
Carangola,15371.99
Boa Esperança,15298.0
Leme,15290.97
Afonso Cláudio,15225.97
Bom Jesus do Itabapoana,15218.0
Guapimirim,15190.369999999999
Mauá,15189.890000000001
Miguel Pereira,15160.66
Tupã,15144.2
Ipanema,14957.5
Camaragibe,14908.08
Santa Rita do Sapucaí,14853.48
Nanuque,14805.2
Mogi Mirim,14700.9
Piúma,14699.679999999998
Pinhais,14514.599999999999
Três Corações,14486.38
Santa Cruz do Capibaribe,14466.369999999999
Bom Despacho,14336.4
Cachoeiras de Macacu,14201.710000000001
Aperibé,14082.49
Paraguaçu Paulista,14001.0
Itu,13949.0
São Gabriel da Palha,13912.59
Passo Fundo,13902.599999999999
Luís Eduardo Magalhães,13827.2
Mandaguari,13750.6
Jardinópolis,13693.47
Olímpia,13510.980000000001
Conceição de Macabu,13507.279999999999
Guaratinguetá,13499.89
João Neiva,13492.0
Curvelo,13472.900000000001
Ourinhos,13428.7
Padre Paraíso,13159.87
Quissamã,13133.5
Tietê,13086.99
São Francisco de Itabapoana,13082.759999999998
Pirapora,13068.7
Pirassununga,13067.1
Cantagalo,13049.58
Itapira,13005.99
Itaipé,12999.0
Campo Novo do Parecis,12869.0
Resende Costa,12824.0
Itapuranga,12739.49
Corumbá,12731.0
Lages,12676.98
Natividade,12375.39
Jataí,12367.2
Pedro Canário,12312.6
Quirinópolis,12231.99
Brodowski,12102.59
Jaguariúna,12062.4
Ilha Solteira,12048.2
Pedro Leopoldo,12025.0
Ibiporã,11959.7
Cáceres,11937.6
Araguaína,11906.0
Itapemirim,11881.490000000002
Bebedouro,11768.98
Marialva,11736.49
Lins,11704.79
Vitória de Santo Antão,11695.39
Senhor do Bonfim,11680.2
Francisco Beltrão,11662.0
Anchieta,11644.599999999999
Itabaiana,11608.0
Lucas do Rio Verde,11514.35
Campo Mourão,11436.1
São Lourenço,11423.49
Mirassol,11403.4
Cosmópolis,11387.0
Campo Formoso,11336.98
Tubarão,11320.02
Votorantim,11278.48
Fernandópolis,11179.3
Pato Branco,11172.0
Uruguaiana,11171.99
Inhumas,11123.49
Alfredo Chaves,11062.49
São João Nepomuceno,11050.99
Louveira,11040.0
Açailândia,11023.6
Lagarto,11016.97
Vila Valério,10950.2
Bertioga,10891.0
Prado,10859.0
Paty do Alferes,10799.99
Bento Gonçalves,10756.0
Salinas,10691.0
Itapaci,10648.0
Paraíba do Sul,10620.88
Mucuri,10548.69
Ibitirama,10372.0
Carapebus,10361.18
Itaocara,10309.6
Itabela,10275.3
Carmo,10257.3
Cruz das Almas,10221.2
Passos,10208.49
Canaã dos Carajás,10185.2
Cabedelo,10141.69
Presidente Epitácio,10031.0
Barra do Garças,10017.0
Recreio,9975.99
Cambé,9946.2
Várzea da Palma,9923.45
Paraíso do Tocantins,9920.5
Santana do Paraíso,9915.4
Araçuaí,9886.0
Conselheiro Pena,9877.0
União dos Palmares,9827.8
Aimorés,9808.19
Votuporanga,9787.0
Itaberaí,9763.09
Garanhuns,9759.1
Rio Grande,9726.599999999999
Congonhas,9692.48
Pedreira,9679.99
Nova Serrana,9678.0
João Pinheiro,9615.0
Garça,9550.5
São Pedro,9455.0
Mirandópolis,9449.689999999999
Santa Cruz do Rio Pardo,9376.0
São José do Rio Pardo,9361.49
Ecoporanga,9360.0
Ituverava,9321.2
Espírito Santo do Pinhal,9282.5
Avaré,9243.98
Paranavaí,9221.5
Santa Cruz das Palmeiras,9194.3
Crixás,9183.08
Colíder,9137.0
Primavera do Leste,9133.99
Santa Maria da Vitória,9114.689999999999
Jequié,9111.99
Sarandi,9076.5
Perdizes,9051.9
Dias D'Ávila,9021.35
Guaíra,8991.19
Sacramento,8971.470000000001
Goianésia,8901.99
Mairiporã,8895.75
Diamantino,8870.0
Vila Pavão,8865.869999999999
Seabra,8865.2
Ribeirão das Neves,8805.98
Itaguara,8754.0
Rio De Janeiro,8744.6
Itajubá,8742.380000000001
Novo Hamburgo,8727.57
Picos,8725.2
Balsas,8723.48
Amparo,8717.0
Ipirá,8627.0
Serrinha,8570.9
CAMPINAS,8555.0
sao paulo,8547.0
Bandeirantes,8540.0
Delmiro Gouveia,8537.47
Santa Bárbara,8525.99
Matão,8503.0
Ariquemes,8456.15
Jacobina,8430.98
São Cristóvão,8424.7
Goiana,8418.0
Ouro Branco,8402.6
São Sebastião do Paraíso,8380.99
Itatiaia,8345.880000000001
Ouro Preto do Oeste,8337.99
Brumado,8313.95
Torres,8289.98
Penápolis,8253.58
Arujá,8164.0
Sooretama,8138.37
Ituiutaba,8117.4
Piatã,8095.6
Santa Teresa,8091.0
Baixo Guandu,8046.4
São Miguel do Oeste,8028.5
Cianorte,8022.469999999999
Catu,8019.0
Santos Dumont,8017.950000000001
Rolândia,8015.59
Imbituba,8003.49
Pontes e Lacerda,7973.5
Descalvado,7950.3
Santa Maria Madalena,7935.99
Barra de São Francisco,7902.0
Pinheiral,7887.3
Itapetinga,7877.389999999999
Guarapuava,7871.49
Minas Novas,7858.95
Jales,7849.5
Ibiraçu,7785.09
Rio Piracicaba,7711.0
Canarana,7699.6
Campo Belo,7689.2
Pinheiros,7688.6
Porto Feliz,7672.5
Salto,7668.870000000001
Orlândia,7609.99
Astolfo Dutra,7609.7
Matipó,7565.9
Paranaguá,7520.0
Pará de Minas,7519.2
Jaguarari,7500.1900000000005
Silva Jardim,7462.5
Caetité,7432.0
Santa Fé do Sul,7410.0
Capim Grosso,7405.0
Ibatiba,7391.0
Arcoverde,7378.5
Itanhandu,7365.0
São Leopoldo,7328.0
Itupeva,7309.2
Altinópolis,7271.98
Itápolis,7262.69
Tanguá,7252.98
Rondon do Pará,7240.49
Cubatão,7230.49
Juazeiro do Norte,7225.99
Inhapim,7194.0
Santo Estêvão,7189.1
Tailândia,7142.5
Cachoeirinha,7128.099999999999
Tucano,7120.99
Alegre,7114.5
Euclides da Cunha,7114.5
Presidente Dutra,7106.58
Ceres,7104.4
Carazinho,7075.0
Vespasiano,7046.6
Lençóis Paulista,7037.4
Visconde do Rio Branco,7016.4
Limoeiro,7007.0
Jaciara,7004.0
Sarzedo,6995.94
Santa Maria de Jetibá,6984.99
Rio do Sul,6983.5
Morada Nova de Minas,6983.0
Capanema,6979.95
Caucaia,6968.0
Gravataí,6967.5
Castilho,6915.0
Ipiaú,6861.6
Senador Canedo,6857.99
Posse,6848.0
Cabo de Santo Agostinho,6846.099999999999
Alta Floresta,6837.0
Ibirité,6801.0
Presidente Kennedy,6793.0
Rio Brilhante,6720.98
Marechal Deodoro,6720.8
Conceição do Coité,6693.98
Guariba,6692.0
Embu das Artes,6689.5
Timbaúba,6665.5
São Roque,6664.9
Minaçu,6660.99
São Miguel do Iguaçu,6646.2
São Luís de Montes Belos,6636.0
Presidente Venceslau,6625.1
Floriano,6625.0
São Francisco de Paula,6609.0
Miguelópolis,6590.5
Corumbataí,6574.0
Ipaba,6565.5
Porto Belo,6553.99
Cornélio Procópio,6530.25
Tupaciguara,6496.0
Bananal,6485.19
Japeri,6455.95
Palotina,6441.0
Iguaba Grande,6433.5
Campo Verde,6397.0
Medina,6376.0
Itaberaba,6375.99
Palmares,6363.98
Guaçuí,6307.8
São Borja,6305.6
Colombo,6295.0
Santa Cruz do Sul,6286.6
Simão Dias,6285.0
Divinolândia,6198.48
Bagé,6179.0
Pitangueiras,6169.0
Marechal Cândido Rondon,6138.5
Ribeirão Pires,6134.19
Vargem Grande do Sul,6131.98
Mineiros,6126.389999999999
Cravinhos,6121.0
Arcos,6117.2
Confresa,6117.0
Senhora dos Remédios,6114.5
Erechim,6087.5
Pirenópolis,6031.68
Matozinhos,6021.0
Osvaldo Cruz,5998.97
Redenção,5995.5599999999995
Muqui,5978.5
Ipuã,5950.99
Rialma,5916.0
Cardoso Moreira,5862.99
Camboriú,5857.99
Currais Novos,5833.5
Pontal do Paraná,5799.0
Duartina,5749.5
Itaituba,5731.6
Sapucaia,5719.969999999999
Araranguá,5705.99
Santo Antônio da Platina,5695.0
Araputanga,5686.0
Tiradentes,5682.9400000000005
Piraju,5670.0
Santo Amaro,5659.49
Caicó,5644.5
Muniz Freire,5643.5
Guararapes,5642.39
Miraí,5627.0
São José de Ribamar,5625.3
Porto Nacional,5617.0
Livramento de Nossa Senhora,5569.0
Jussara,5565.0
Igarapé-Açu,5563.49
Igarassu,5539.2
Joaçaba,5532.0
Colinas do Tocantins,5526.0
Claro dos Poções,5524.5
Itambacuri,5523.0
Ipameri,5522.49
Iapu,5494.5
Almirante Tamandaré,5494.0
Presidente Tancredo Neves,5476.7
Peçanha,5463.0
Frutal,5459.0
Ivaiporã,5454.99
Sumidouro,5446.99
Navegantes,5434.5
Pirapozinho,5418.0
Guaxupé,5402.78
Guaramirim,5400.0
São José do Vale do Rio Preto,5395.29
Canoinhas,5385.5
Nossa Senhora da Glória,5375.0
Caiapônia,5369.0
Água Doce do Norte,5358.0
Itapevi,5353.0
Canavieiras,5350.99
Domingos Martins,5349.0
Laje do Muriaé,5348.2
Nossa Senhora do Socorro,5341.9
Rolim de Moura,5316.6
Sao Paulo,5314.4
Tanabi,5309.98
Apodi,5300.5
Goioerê,5269.0
Paragominas,5250.0
Alto Paraíso de Goiás,5214.5
São Brás do Suaçuí,5205.49
Ibitinga,5190.99
Rubiataba,5186.2
Acajutiba,5182.0
Santa Rosa de Viterbo,5170.0
Ubaíra,5168.98
Vargem Grande Paulista,5158.1900000000005
Tucuruí,5155.98
Perdões,5150.99
Toledo,5143.0
Fundão,5126.09
Atalaia,5123.0
Salvaterra,5108.4
Pirapetinga,5105.1
São Félix do Coribe,5102.6
Caldas Novas,5080.0
Nova Olímpia,5073.99
Dois Córregos,5064.0
Sabino,5063.0
Boituva,5062.0
Mendes,5024.5
Nova Odessa,5017.5
Cerquilho,4989.99
Araçoiaba da Serra,4979.3
Cocalzinho de Goiás,4970.0
Guimarânia,4967.5
Indaial,4964.0
Santa Helena de Goiás,4963.0
Caconde,4961.0
Acrelândia,4924.0
Colorado,4920.0
FOZ DO IGUACU,4904.0
Padre Bernardo,4903.5
Marechal Floriano,4892.99
Mar de Espanha,4872.49
Urussanga,4853.99
Andradas,4849.5
Vertentes,4837.0
São Joaquim da Barra,4823.469999999999
São Domingos do Norte,4813.0
Santa Rosa,4806.5
Barra Bonita,4801.99
Jaguaré,4794.0
Itaobim,4756.0
Cunha,4736.0
São Francisco do Guaporé,4735.0
Registro,4721.2
Rio de Janeiro ,4719.99
Curitibanos,4714.0
Água Boa,4704.0
Paranaíba,4699.1900000000005
Brasiléia,4691.0
Morro Agudo,4679.8
Cambuci,4672.2
Nova Andradina,4662.8
Fartura,4661.0
Nioaque,4657.99
São Félix do Xingu,4656.2
Ipojuca,4655.5
Chavantes,4648.0
Santana,4630.48
Italva,4626.99
Potirendaba,4616.99
Iracemápolis,4603.99
Vargem Alta,4593.0
São Gotardo,4585.0
Coxim,4584.29
Feliz Natal,4572.0
Macuco,4570.1
Guaraçaí,4562.2
Guaíba,4531.0
Manhumirim,4527.0
Itapeva,4515.0
Valparaíso,4514.0
Igarapé,4512.0
Bombinhas,4511.0
Bariri,4480.6
Irupi,4474.0
Itajobi,4474.0
Cidade Ocidental,4470.4
Presidente Médici,4468.0
Janaúba,4456.0
Ipaussu,4437.5
São Sebastião do Alto,4429.99
Murutinga do Sul,4417.5
Rio Verde de Mato Grosso,4397.99
Morrinhos,4389.49
Marianópolis do Tocantins,4378.4
Ubaporanga,4376.0
Osório,4376.0
Iúna,4365.0
Maracaju,4357.0
Taiobeiras,4355.0
Quatis,4345.98
José Bonifácio,4334.0
Guarantã do Norte,4330.5
Assaí,4326.2
Nova Mutum,4320.5
Eugenópolis,4310.0
Tabapuã,4290.98
Chapadão do Sul,4287.0
Valparaíso de Goiás,4279.25
Maragogipe,4279.0
Boninal,4274.0
Jaguaruna,4265.0
Almenara,4247.98
Paranacity,4236.0
Goiás,4231.0
Itapecerica da Serra,4230.5
Nova Viçosa,4203.89
Entre Rios de Minas,4186.2
Santa Izabel do Pará,4182.0
Cafelândia,4181.5
Alegrete,4179.0
Itamarati de Minas,4174.0
Bambuí,4171.5
Silvânia,4170.0
Matriz de Camaragibe,4168.8
Rio Pardo de Minas,4166.0
Serra dos Aimorés,4165.0
BELO HORIZONTE,4156.0
Rifaina,4151.99
Caxambu,4145.99
Bocaiúva,4145.0
Coruripe,4143.0
Guanhães,4141.5
Assis Chateaubriand,4139.0
Mafra,4131.99
Eusébio,4124.99
Loanda,4118.48
Correntina,4104.0
Cruzeiro do Oeste,4086.0
Itacaré,4072.0
Tatuí,4071.4
Pojuca,4067.4
Grajaú,4066.4
Sabinópolis,4065.0
São Gabriel,4065.0
Estrela de Alagoas,4060.0
Paraíso,4058.0
Felixlândia,4049.99
Lagoa Dourada,4005.0
Caxias,3986.5
Elói Mendes,3982.1000000000004
Tapera,3980.0
Sorriso,3972.1
Bom Jesus do Norte,3964.0
Três Pontas,3961.6
Guará,3954.0
Itanhaém,3946.0
Laranjal Paulista,3938.0
Boca do Acre,3932.0
Xinguara,3928.8
Salvador do Sul,3928.0
Bom Jesus do Galho,3923.48
Tambaú,3914.98
Campo Largo,3905.0
Casa Branca,3893.0
Sapezal,3856.0
Barra dos Coqueiros,3854.99
Palmital,3846.0
Tocantinópolis,3839.9
Rio das Flores,3822.4
Sobral,3817.0
Venda Nova do Imigrante,3800.5
Barão de Cocais,3799.0
Flórida Paulista,3790.0
CURITIBA,3778.0
Gaspar,3777.0
Espera Feliz,3773.3
Pilar,3726.6
Santa Cruz,3718.0
Aracati,3714.0
Divino,3708.5
Timbó,3699.99
Cerqueira César,3698.0
Centralina,3689.2
Nepomuceno,3688.0
Ouro Fino,3679.0
José de Freitas,3677.0
Alvorada,3673.98
Tremembé,3671.5
Dom Pedro,3670.5
Itaberá,3635.0
Oiapoque,3635.0
Dom Eliseu,3633.0
Cachoeira,3599.0
Santa Isabel,3598.0
Salto da Divisa,3597.0
Alexânia,3592.8999999999996
Entre Rios,3584.49
Conceição da Barra,3583.0
Irará,3578.98
Piranhas,3566.0
Anaurilândia,3560.6
Goiania,3559.5
Monte Azul,3557.0
Maragogi,3556.0
Bicas,3555.0
Gandu,3548.0
Andirá,3531.0
São Raimundo Nonato,3529.0
Piumhi,3529.0
Serrana,3525.0
Jataizinho,3520.0
Carpina,3506.0
Dores do Rio Preto,3506.0
Santa Cruz de Minas,3489.0
Saltinho,3488.0
Estreito,3478.0
Ribas do Rio Pardo,3468.99
Piratininga,3459.4700000000003
São Felipe,3450.0
Peabiru,3448.0
Simonésia,3445.7
Mantena,3438.9700000000003
Santa Mariana,3437.0
Morungaba,3436.3
Araporã,3423.0
Gramado,3419.0
Abre Campo,3417.0
Mata de São João,3411.0
Luz,3409.0
Cajuru,3385.0
Ituporanga,3381.99
Paranaiguara,3377.49
Socorro,3370.0
Florestópolis,3368.0
Itaquiraí,3366.0
São Joaquim de Bicas,3365.0
Nerópolis,3359.0
Lajeado,3350.4
Santana do Manhuaçu,3337.0
Santana de Cataguases,3330.0
Caputira,3330.0
Franco da Rocha,3329.0
NITEROI,3322.0
Cristalândia,3320.0
Corumbaiba,3312.99
Candeias,3311.0
Coaraci,3304.0
Oliveira dos Brejinhos,3300.0
Carlos Barbosa,3296.0
Cipó,3296.0
Santa Cruz Cabrália,3285.7
Pontal,3276.0
Nova Xavantina,3275.1
Bragança,3272.2
Paudalho,3272.0
Juatuba,3271.0
Águas de Lindóia,3270.98
Igaporã,3269.4
Santa Isabel do Ivaí,3269.0
Juína,3261.99
Tabatinga,3242.99
Colina,3239.0
Rio Casca,3228.99
Pederneiras,3228.99
Miranda,3228.8
Meleiro,3226.0
Oliveira,3223.29
Peruíbe,3220.99
Rio Maria,3220.0
Ponta Porã,3218.99
Pompéu,3212.4
Itapipoca,3199.0
Abreu e Lima,3193.5
Barra Longa,3188.0
Altamira,3188.0
Ribeira do Pombal,3185.99
Ibiá,3180.6
Palmeiras de Goiás,3174.0
Penha,3172.8
OURO PRETO,3161.0
Rio das Pedras,3161.0
Prata,3159.99
Dumont,3159.0
CONSELHEIRO LAFAIETE,3158.0
Dona Euzébia,3157.85
Santa Rita do Passa Quatro,3153.3
Bastos,3144.0
Aripuanã,3142.0
Brejetuba,3137.0
Pereira Barreto,3134.99
Sapiranga,3131.0
Anicuns,3130.0
Ataléia,3120.0
Bela Vista do Paraíso,3120.0
Castro,3114.8
Goianinha,3108.0
Epitaciolândia,3108.0
Sericita,3103.99
Campina Grande do Sul,3100.0
Nova Olinda,3100.0
Maria Helena,3092.0
Cametá,3083.0
Arinos,3078.4
Taquaritinga,3072.5
Tocantins,3066.6
Ponte Nova,3054.99
Governador Edison Lobão,3051.98
Rio de janeiro,3050.98
Ubaí,3050.0
IPOJUCA,3048.6
Orizona,3047.0
Rio Verde ,3047.0
Laranja da Terra,3035.0
Araçoiaba,3010.0
Tupi Paulista,3001.0
Ferraz de Vasconcelos,3000.5
Iguatama,2997.0
VITORIA,2992.0
Porto Real,2988.0
Monte Mor,2968.5
Capelinha,2958.0
Córrego Danta,2951.0
Surubim,2943.0
Aparecida do Taboado,2937.0
rio de janeiro,2928.99
São Francisco do Sul,2928.0
Nova Aurora,2920.5
Areal,2909.8
Machado,2900.0
SALVADOR,2899.0
Mirassol D'Oeste,2899.0
Engenheiro Paulo de Frontin,2894.98
Pombal,2893.2
Seringueiras,2881.0
Bom Sucesso,2880.98
Guarani,2876.99
Dores do Indaiá,2850.0
Caieiras,2828.2
Porto Franco,2827.5
Lima Duarte,2827.4
Tomé-Açu,2818.0
Inhuma,2809.0
Macaúbas,2799.0
Campo Bom,2799.0
Teixeiras,2791.0
Ruy Barbosa,2788.0
Uruaçu,2788.0
Cordeirópolis,2786.8
São Gabriel do Oeste,2781.99
Uibaí,2778.0
Serra Negra,2777.0
Mimoso do Sul,2767.75
Poá,2763.5
São Lourenço da Mata,2755.5
Três Marias,2749.0
Barra da Estiva,2748.0
Abaetetuba,2746.0
Poções,2731.0
Rancharia,2722.59
Senador Guiomard,2710.0
Coronel Murta,2710.0
Sidrolândia,2702.0
Catas Altas,2701.0
Gurupi,2700.99
Major Isidoro,2698.0
Brejo da Madre de Deus,2696.0
Mundo Novo,2693.5
Oriximiná,2683.99
Capivari,2682.0
Cocos,2680.0
Patrocínio do Muriaé,2678.0
São Domingos do Prata,2678.0
Lajinha,2670.0
Virgem da Lapa,2662.1
Ponto dos Volantes,2660.0
Extrema,2658.0
Flores da Cunha,2651.0
Américo de Campos,2647.8
Iraquara,2641.0
Júlio de Castilhos,2621.0
Medianeira,2604.9799999999996
Conchal,2604.0
Ituaçu,2601.0
Campina Verde,2592.0
Jaborandi,2590.0
Raul Soares,2588.0
Pires do Rio,2573.0
Lavínia,2573.0
Bom Conselho,2569.0
Jandaia do Sul,2562.98
Caeté,2560.99
Campos Gerais,2550.0
Rio Pomba,2550.0
Santo Amaro da Imperatriz,2543.0
Telêmaco Borba,2541.0
Iporá,2533.0
Garibaldi,2532.0
Várzea Paulista,2531.0
Paranatinga,2530.4
São José do Campestre,2528.99
Salgueiro,2525.5
Eldorado do Sul,2524.5
Mandaguaçu,2522.0
Planaltina,2522.0
Içara,2520.0
Turmalina,2510.8
Águas Formosas,2510.0
Firminópolis,2508.0
Ichu,2503.0
São Vicente Ferrer,2499.0
Itinga do Maranhão,2497.5
Casa Nova,2492.0
Itanhém,2491.0
Custódia,2483.0
Esmeraldas,2482.0
Paraíso do Norte,2480.0
Rio Acima,2460.0
Jequitinhonha,2455.2
Martinho Campos,2454.0
RECIFE,2453.0
Jaguariaíva,2451.0
Carmópolis de Minas,2450.0
Jacutinga,2447.0
Ijuí,2433.0
Fervedouro,2432.0
Mutum,2429.4
Venâncio Aires,2425.7
Capão Bonito,2418.5
Rio Grande da Serra,2415.5
Pitangui,2414.5
Espinosa,2413.0
Camamu,2403.0
Arroio dos Ratos,2400.0
Anagé,2400.0
Nova Fátima,2393.0
Boquira,2392.0
Senador Firmino,2388.0
Timon,2381.0
Tres pontas,2379.0
Ibiaí,2374.0
Novo Horizonte,2372.0
Serra Talhada,2372.0
São Miguel do Araguaia,2371.0
Brasília de Minas,2365.5
Grão Mogol,2358.4
Muzambinho,2353.0
Piripiri,2350.99
Poço Fundo,2347.5
Naviraí,2347.5
Caçu,2346.5
Sombrio,2345.0
Paço do Lumiar,2343.0
Pedro Afonso,2341.0
Itapoá,2334.5
Pinhalzinho,2322.0
Urânia,2322.0
Andrelândia,2319.0
Belo Jardim,2318.99
Conceição do Castelo,2316.0
Iati,2314.2
Santana do Ipanema,2314.0
Balneário Piçarras,2310.0
Baependi,2306.5
São Miguel Arcanjo,2304.3
Central de Minas,2302.0
Jeremoabo,2299.0
Itarana,2299.0
Guaporé,2294.5
Barra do Corda,2282.79
Couto de Magalhães de Minas,2271.2
Tiros,2271.0
Altônia,2267.5
Sento Sé,2255.5
Carmo do Paranaíba,2252.8
Ipupiara,2245.2
Mateus Leme,2245.0
Barcarena,2244.0
Monte Alegre do Sul,2243.0
Santiago,2242.0
Coronel Vivida,2234.0
Cedral,2233.0
Santa Quitéria do Maranhão,2232.0
Neópolis,2224.0
Tapejara,2221.0
Mineiros do Tietê,2220.0
Borda da Mata,2218.0
Ivinhema,2217.3
Guajará-Mirim,2215.0
Francisco Sá,2212.0
Campos Belos,2202.99
Porangatu,2202.0
Santo Antônio de Lisboa,2192.0
Ibirama,2192.0
Piracaia,2191.0
Três Ranchos,2191.0
Matinhos,2181.0
Nova Mamoré,2173.0
BAURU,2171.0
Neves Paulista,2163.2
Ouro Preto ,2163.1000000000004
Buriti Alegre,2153.0
Santo Ângelo,2152.0
Cananéia,2151.6
Alto Paraná,2151.0
Braço do Norte,2151.0
Santo Antônio do Aracanguá,2151.0
Serra do Ramalho,2143.2
Caçador,2133.0
São José do Calçado,2128.0
Santa Bárbara do Leste,2125.98
Jatobá,2125.9700000000003
Itaú de Minas,2122.99
Corinto,2120.0
Lontra,2120.0
Bodocó,2116.0
Patos,2113.5
Itaqui,2103.0
Miradouro,2101.0
Jandira,2094.6
Pindaí,2092.0
Lagoa do Itaenga,2092.0
Portalegre,2090.98
Águia Branca,2090.6
Montanha,2090.0
Jequeri,2085.0
Piedade,2081.0
Niteroi,2077.2
São paulo,2077.0
Goiatuba,2074.0
Tacaratu,2071.0
Candelária,2066.6
Mantenópolis,2063.0
Santa Bárbara de Goiás,2052.0
São Sebastião da Grama,2051.0
FLORIANOPOLIS,2046.99
Tianguá,2045.0
Campo Erê,2043.0
Ivoti,2043.0
Araucária,2033.0
Xapuri,2030.29
Maracaí,2028.0
Avanhandava,2024.0
Bacabal,2022.8
Carlos Chagas,2022.0
Castro Alves,2022.0
São Simão,2014.3
Conceição das Alagoas,2012.6
Jacinto,2006.0
Campos do Jordão,2004.99
GOIANIA,1996.0
Nova Brasilândia D'Oeste,1994.0
Bonito,1993.0
Concórdia,1991.6
Areado,1990.0
Itacarambi,1979.5
Raposos,1974.0
Artur Nogueira,1972.99
Formosa do Rio Preto,1970.0
Capão da Canoa,1964.1999999999998
São Bento,1964.0
Tibagi,1964.0
Vacaria,1963.6
Aguaí,1962.0
Penedo,1955.0
Tramandaí,1952.8
Camocim,1952.0
Ponto Belo,1950.0
Araguacema,1947.2
Benevides,1945.0
Parintins,1936.0
Canela,1925.99
Terenos,1924.0
Comodoro,1923.0
Pirajuba,1923.0
Paraúna,1922.0
Capitão Poço,1922.0
Nova Era,1912.0
Setubinha,1912.0
Crato,1909.99
Mirante da Serra,1903.99
Niquelândia,1894.0
Goiabeira,1894.0
Governador Lindenberg,1892.0
Escada,1891.0
Milagres,1882.0
Schroeder,1882.0
Cajamar,1881.0
Mozarlândia,1880.99
Santa Rita de Minas,1879.99
Itaguaçu,1879.5
Piraquara,1875.99
Alcobaça,1875.0
Uruará,1875.0
Urandi,1874.0
CUIABA,1873.0
Abaíra,1873.0
Cachoeira Paulista,1854.0
Campos de Júlio,1852.0
Guaratinga,1851.0
Campestre do Maranhão,1849.5
Ferreiros,1845.0
Duas Barras,1845.0
Santa Rita,1845.0
Alvinópolis,1843.99
Itamarandiba,1843.4
MARINGA,1843.0
São José de Ubá,1842.0
Eldorado,1834.0
Nova Crixás,1829.0
PORTO ALEGRE,1823.0
Tangará,1814.0
Jaboticatubas,1806.0
Ribeirópolis,1805.0
Conceição do Mato Dentro,1805.0
Bom Jesus,1804.0
Sanclerlândia,1804.0
Alpinópolis,1803.0
Descoberto,1795.2
Marcelino Ramos,1793.99
Arroio do Meio,1792.0
Jardim,1790.5
Caparaó,1790.0
Olho D'Água das Flores,1785.0
Córrego Fundo,1783.8
Riachão do Dantas,1782.0
Ibimirim,1780.0
Tijucas do Sul,1776.0
Eldorado dos Carajás,1776.0
Iconha,1775.5
Miguel Alves,1775.0
Passa Quatro,1774.0
Cordeiropolis,1774.0
Jerônimo Monteiro,1773.5
Carinhanha,1772.75
Taguaí,1769.19
Rio Paranaíba,1765.0
Pomy,1758.5
São Francisco do Pará,1757.0
Valença do Piauí,1753.0
Santana do Araguaia,1752.0
Conceição do Jacuípe,1751.0
São Francisco,1747.5
Ibititá,1745.0
Tibau do Sul,1744.99
Coribe,1744.99
Nuporanga,1741.0
Monte Alegre de Minas,1741.0
Itambé,1736.0
Craíbas,1735.0
Cícero Dantas,1734.0
Curimatá,1734.0
Abaeté,1734.0
Monte Carmelo,1726.0
SÃO PAULO,1724.0
Macaparana,1724.0
Itaporanga,1719.5
Iporã,1711.0
Lindóia,1705.0
Itararé,1704.0
Farroupilha,1695.2
São João,1694.0
Alto Boa Vista,1694.0
Piedade do Rio Grande,1694.0
Moju,1694.0
Dom Silvério,1692.9
Juara,1692.0
Douradina,1691.0
Marau,1685.0
Sud Mennucci,1682.0
Retirolândia,1681.0
Vitorino,1676.0
São Sepé,1675.0
Ribeirão Branco,1672.0
Santa Maria da Serra,1670.5
Salinópolis,1655.75
Riachão do Jacuípe,1655.5
Ubiratã,1654.0
Iraí de Minas,1647.0
Paulo Ramos,1645.0
Campestre de Goiás,1645.0
Carmo da Mata,1645.0
Terra Roxa,1645.0
Maurilândia,1643.0
Nova Ponte,1641.0
Bom Jesus dos Perdões,1633.49
Juripiranga,1633.0
Passa Tempo,1633.0
Maraú,1631.1
Fernando de Noronha,1630.99
Pains,1626.0
Pariquera-Açu,1624.0
Porto Walter,1623.99
Araripina,1623.0
Poconé,1623.0
Mendes Pimentel,1614.2
Fronteiras,1614.0
Simões,1611.0
Sousa,1610.99
Santa Inês,1604.0
Confins,1603.0
Cassilândia,1601.5
Santa Terezinha de Goiás,1596.0
Propriá,1594.0
Matias Barbosa,1594.0
Terra Rica,1594.0
Goiânia ,1594.0
Caldas,1594.0
Conceição do Almeida,1594.0
Comendador Gomes,1592.0
Santa Juliana,1592.0
Dourado,1588.0
Santa Helena de Minas,1584.6
Vila Rica,1584.4
Bálsamo,1584.0
Almas,1576.0
Pradópolis,1575.0
Curaçá,1575.0
Comendador Levy Gasparian,1573.49
Extremoz,1573.0
Brotas,1573.0
Divinópolis do Tocantins,1573.0
BARUERI,1556.0
São Luiz Gonzaga,1555.0
Monte Alegre,1555.0
Buíque,1555.0
Rodeiro,1554.5
São José dos Pinahais,1554.0
Crucilândia,1552.0
Rio Novo do Sul,1551.0
Lagoa da Confusão,1545.0
Salto de Pirapora,1543.0
Auriflama,1536.0
São Luís do Quitunde,1534.0
Tupanatinga,1534.0
Mairi,1532.0
Taparuba,1526.0
Serro,1525.99
Cerejeiras,1525.0
Embu-Guaçu,1525.0
Volta Grande,1523.0
Tuntum,1522.0
Iturama,1522.0
Laguna,1513.5
Morretes,1512.0
Cristais,1506.0
Riacho de Santana,1506.0
Rio de Contas,1505.0
Cândido Mota,1505.0
Igrejinha,1504.0
Rafard,1503.99
Monte Santo de Minas,1502.0
Santo Antônio do Jardim,1496.0
Ribeirãozinho,1494.0
Nobres,1494.0
Sebastianópolis do Sul,1494.0
Barão de Monte Alto,1494.0
CASCAVEL,1494.0
Tombos,1492.0
VitÓria,1487.0
Conceição de Ipanema,1484.0
Santa Fé,1483.0
Ibotirama,1476.0
Santa Terezinha de Itaipu,1476.0
Presidente Bernardes,1474.0
Horizonte,1474.0
Santa Leopoldina,1474.0
Mário Campos,1474.0
Juazeirinho,1473.0
Chorrochó,1473.0
Jaíba,1472.0
São João Batista,1455.0
Fátima do Sul,1454.6
Nova Soure,1454.0
Joaquim Távora,1454.0
Mirabela,1453.0
Lagoa Seca,1446.99
Maracanaú,1445.0900000000001
Guaraí,1445.0
Capela,1445.0
Quarto Centenário,1445.0
Barroso,1443.0
Conceição do Araguaia,1434.0
União da Vitória,1434.0
Fortuna,1433.0
Leme do Prado,1430.5
Guaranésia,1426.0
Uruçuí,1425.5
RIBEIRAO PRETO,1425.0
Siriri,1425.0
Itaquara,1425.0
Pompéia,1424.0
Afogados da Ingazeira,1424.0
BRASILIA,1421.0
Belo Oriente,1414.0
Conceição dos Ouros,1406.0
Iaçu,1405.0
Cruz Alta,1400.5
Tapurah,1396.0
São Francisco de Sales,1396.0
São Tiago,1394.0
Aquiraz,1394.0
São Pedro do Piauí,1385.0
Belmonte,1385.0
Montividiu,1384.0
Xaxim,1377.0
Dobrada,1377.0
Parati,1376.98
Elísio Medrado,1376.0
Lobato,1375.0
Rio do Antônio,1375.0
Foz do Iguaçu ,1375.0
Centenário do Sul,1375.0
Taquaral de Goiás,1374.0
Gravatá,1373.0
Lago da Pedra,1373.0
Aparecida,1365.0
Ritápolis,1362.0
Itapecerica,1361.2
São Manuel,1357.0
Pirangi,1357.0
Pimenta Bueno,1356.0
Souto Soares,1355.0
Ilha de Itamaracá,1355.0
Estância,1354.99
Formoso,1347.0
Serafina Corrêa,1346.99
Pedregulho,1345.0
Rio Manso,1344.0
Piraúba,1342.9
Varre-Sai,1342.3
Medicilândia,1334.0
Santa Rita D'Oeste,1327.0
São José do Jacuípe,1327.0
Fortaleza ,1326.0
Siderópolis,1326.0
Santaluz,1326.0
Álvares Machado,1324.99
Varjão de Minas,1324.0
Curitiba ,1322.5
Santa Fé de Goiás,1320.4
Aragarças,1316.2
Itaquaquecetuba,1314.0
Antônio Martins,1312.3
Brasilândia de Minas,1306.0
Barão de Melgaço,1306.0
Barrocas,1305.0
Joaquim Nabuco,1304.0
Guaratuba,1304.0
Sertânia,1304.0
Tobias Barreto,1300.5
Rodelas,1300.5
Paiçandu,1294.0
Pinhão,1285.0
Itagibá,1277.0
Araci,1276.5
Vale do Paraíso,1276.0
Alvorada do Sul,1275.0
São Mateus do Maranhão,1275.0
Dianópolis,1274.0
Ribeirão,1273.0
Monte Aprazível,1273.0
Patrocinio,1268.5
Novo Repartimento,1267.0
Sapeaçu,1257.0
Itabuna ,1257.0
Cana Verde,1257.0
Orleans,1256.2
Bom Jardim de Goiás,1256.0
Porto da Folha,1254.99
Campo do Brito,1254.0
Crisólita,1253.99
Olivença,1247.0
São Bento do Sul,1247.0
Capivari de Baixo,1247.0
Santa Adélia,1247.0
Inajá,1245.0
Valente,1245.0
São Sebastião da Amoreira,1245.0
Santo Inácio,1241.0
Ibaiti,1237.0
Liberdade,1237.0
Adelândia,1236.99
Paripiranga,1234.99
Peixoto de Azevedo,1226.5
Camalaú,1226.0
Catiguá,1226.0
Palmeira,1226.0
Espigão D'Oeste,1226.0
Engenheiro Navarro,1215.6
Coronel Xavier Chaves,1207.0
Serrolândia,1207.0
Matupá,1206.0
Rodeio,1206.0
Governador Celso Ramos,1205.0
Pedras de Fogo,1196.0
Quixadá,1196.0
Canguçu,1196.0
Nova Luzitânia,1196.0
Barra do Ribeiro,1196.0
Itapiranga,1194.0
Pérola,1194.0
Ibicoara,1187.0
Leoberto Leal,1187.0
Cacaulândia,1186.6
Jenipapo dos Vieiras,1185.99
Monte Sião,1185.0
marataizes,1183.7
Conduru,1180.9
Mortugaba,1177.0
Júlio Mesquita,1176.0
Palmares Paulista,1176.0
Novo Alegre,1176.0
Sebastião Laranjeiras,1176.0
Cruzília,1175.0
Buenópolis,1175.0
Queluz,1175.0
Coroaci,1175.0
Placas,1175.0
Independência,1175.0
São Sebastião do Anta,1169.4
Itatim,1167.4
Jaicós,1160.0
Pindobaçu,1157.0
Lambari,1157.0
Rio do Prado,1157.0
Novo Progresso,1157.0
São José do Belmonte,1157.0
Camacan,1156.0
SERRA,1156.0
Lagoa da Prata,1155.0
CAMPOS DOS GOYTACAZES,1147.0
Santo Anastácio,1147.0
TrÊs Pontas,1147.0
Quatro Barras,1147.0
Estrela D'Oeste,1147.0
Guiratinga,1147.0
São Marcos,1147.0
Xanxerê,1147.0
BALNEARIO CAMBORIU,1145.0
Carmo do Cajuru,1145.0
Cachoeira Alta,1145.0
Cambuí,1145.0
Alto Paraíso,1144.5
Coqueiral,1127.0
São Bento do Una,1127.0
Marituba,1127.0
Igreja Nova,1126.0
Querência do Norte,1126.0
Itobi,1126.0
Laranjal,1126.0
Arvorezinha,1126.0
Sales Oliveira,1125.0
Maravilha,1121.3
Mâncio Lima,1115.0
São Miguel do Guaporé,1107.0
Serra do Salitre,1106.0
FRANCA,1106.0
Santo Estevão,1105.0
Imbé de Minas,1104.0
Apiacá,1102.6
LONDRINA,1098.0
Banzaê,1098.0
Arenápolis,1098.0
Chalé,1096.0
Pingo-D'Água,1096.0
São Jorge do Ivaí,1096.0
Jeceaba,1096.0
Coronel Bicaco,1096.0
Flores de Goiás,1096.0
Oliveira de Fátima,1096.0
Mallet,1094.0
Gália,1094.0
Lucélia,1094.0
Esteio,1094.0
Santa Rosa do Sul,1094.0
Conceição do Rio Verde,1092.0
Urucânia,1091.2
Buritis,1087.0
Mambaí,1087.0
Boquim,1085.0
Quaraí,1078.98
Montalvânia,1077.0
Itariri,1077.0
Canindé de São Francisco,1076.0
São João do Paraíso,1075.0
São Gonçalo do Amarante,1073.99
Chapada do Norte,1072.5
Sertaneja,1072.0
Rio Quente,1071.5
Capitólio,1067.4
Inhambupe,1066.5
Vidal Ramos,1066.0
Amargosa,1057.0
Mata Grande,1056.4
Santana do Livramento,1056.0
Marcação,1056.0
Prudentópolis,1056.0
RIO DAS OSTRAS,1052.99
Maranguape,1047.0
Fazenda Rio Grande,1047.0
Iguaí,1047.0
Guabiruba,1047.0
Pium,1047.0
Cabo frio,1047.0
Jaguaquara,1047.0
Sertanópolis,1047.0
PIRACICABA,1047.0
aparecida,1047.0
Jaraguá,1045.0
Rio Preto,1045.0
Cachoeira do Sul,1045.0
Terra Nova,1043.0
Campo Florido,1038.2
Jequitaí,1038.0
Varzelândia,1036.0
Resplendor,1029.2
Água Clara,1027.99
São Miguel do Guamá,1026.0
Buritizeiro,1026.0
Sapé,1026.0
Chapadinha,1011.9
Medeiros Neto,1008.0
Quatá,1007.0
Lauro Müller,1005.0
Brazópolis,1003.0
São Miguel dos Campos,996.99
Serra Alta,996.0
Catolé do Rocha,996.0
Durandé,996.0
Ribeirão do Pinhal,996.0
Vieiras,996.0
Poté,996.0
Bilac,996.0
São Félix do Araguaia,996.0
São Roque do Canaã,995.99
Caravelas,987.5
São Pedro dos Ferros,987.0
Floraí,985.5
Taguai,978.0
Tuneiras do Oeste,977.98
Cachoeira da Prata,977.0
Desterro de Entre Rios,977.0
Paulistânia,977.0
Pereiras,977.0
Itajuípe,977.0
Pinheiro,976.0
Teotônio Vilela,976.0
Guia Lopes da Laguna,976.0
Rio de janeiro ,975.99
Ouro preto,975.0
Itapirapuã,974.0
Maracajá,957.0
Ervália,957.0
Muniz Ferreira,956.0
Vil Velha,955.0
Torrinha,954.99
São Manoel do Paraná,947.0
Morro da Fumaça,947.0
Santana de Pirapama,947.0
Campo Limpo Paulista,947.0
Rio Largo,947.0
Brejões,947.0
Brejo Grande do Araguaia,947.0
Luislândia,945.0
São Vicente de Minas,945.0
Carmo do Rio Claro,945.0
Coromandel,945.0
Ariranha,945.0
Uberlandia,945.0
Saúde,945.0
Campo do Meio,936.0
Dores do Turvo,928.0
Alto Alegre dos Parecis,928.0
Piquete,927.0
FORTALEZA,927.0
Uniflor,927.0
Muritiba,926.0
CRICIUMA,926.0
Angelândia,926.0
Campo Alegre de Lourdes,922.5
Tijucas,919.4
Machacalis,918.0
Francisco Morato,916.5
Tapira,914.99
Piracanjuba,908.0
Maripá,908.0
Taquaritinga do Norte,908.0
maceió,908.0
Heitoraí,908.0
Quixabeira,898.0
JUIZ DE FORA,898.0
Balneário Gaivota,898.0
Morros,898.0
Nova Ibiá,897.5
Água Preta,896.4
Severínia,896.0
Nova Veneza,896.0
Abelardo Luz,896.0
Silvanópolis,896.0
Praia do Forte,896.0
Três Fronteiras,896.0
Marumbi,896.0
Lagoa do Carro,896.0
Alto Rio Novo,896.0
São José de Mipibu,894.0
Clevelândia,885.4
Olindina,884.99
Itupiranga,878.0
Ribeirão do Sul,878.0
Porto Alegre do Norte,878.0
Cajueiro da Praia,878.0
Nova Monte Verde,877.0
Xangri-Lá,877.0
Salto do Céu,877.0
Encantado,877.0
Ponta Pora,877.0
Amambaí,877.0
Santa Cruz da Baixa Verde,877.0
Juruti,877.0
Tucumã,877.0
Altair,875.1
nova lima,872.5
Colorado do Oeste,858.0
Lapa,858.0
Tapes,858.0
Nova Erechim,858.0
Santo Antônio de Posse,857.0
Dois Vizinhos,857.0
Santana do Deserto,855.0
Rosana,852.5
Moeda,849.0
Córrego Novo,848.0
Leópolis,847.0
Nova Bandeirantes,847.0
Coração de Maria,847.0
Crateús,847.0
Caculé,847.0
Carandaí,847.0
Campinorte,847.0
Novais,847.0
Paraipaba,847.0
Rinópolis,847.0
São Vicente do Sul,847.0
Cláudia,847.0
Glória do Goitá,846.0
Areia Branca,846.0
Tumiritinga,845.0
Ortigueira,838.0
Nova América,837.0
Planaltino,836.99
Santa Albertina,832.99
GAURAMA,828.0
Iomerê,828.0
São José dos Quatro Marcos,828.0
Quatipuru,827.0
MARABÁ,827.0
Teolândia,827.0
Nova Itaberaba,827.0
Mamborê,827.0
Moreira Sales,827.0
Joinville ,827.0
Jaru,827.0
são paulo,826.0
Renascença,826.0
Pindorama,820.5
Marilândia,818.0
Guapiaçu,817.0
Oeiras,816.5
Itinga,810.5
Cabrobó,808.0
Cosmorama,808.0
Jaguarão,807.0
FERNANDOPOLIS,798.0
Mostardas,798.0
Ibitiara,798.0
Aragoiânia,798.0
Valentim Gentil,798.0
Arenópolis,798.0
Guidoval,798.0
Tuparendi,798.0
Itabirinha,798.0
Papagaios,798.0
Coari,798.0
São Roque de Minas,798.0
Quilombo,798.0
Pacaraima  ,798.0
Ibirataia,796.98
ARARUAMA,796.0
Paraibano,796.0
Carnaubais,796.0
Flores,796.0
Rio Branco ,796.0
Morro do Pilar,796.0
São João do Oriente,796.0
Imbituva,796.0
Três de Maio,796.0
RJ,794.0
Taquari,787.0
Três rios,787.0
Santo Antônio do Descoberto,778.0
Vargem Alegre,778.0
Jacy-Paraná,778.0
Porto Murtinho,778.0
Pão de Açúcar,778.0
Rio Vermelho,777.0
Pedra,777.0
bom despacho,777.0
Mirassolândia,777.0
Aiuruoca,777.0
Lago dos Rodrigues,777.0
Poço Verde,777.0
Luiz Alves,776.0
Vila Bela da Santíssima Trindade,775.0
Guaraqueçaba,773.8
Guajeru,771.5
Tacuru,770.6500000000001
Mara Rosa,763.25
Rio Novo,763.0
Tibau,758.3
SÃO CARLOS,757.6
Nazaré,757.0
Prainha,757.0
Brasil Novo,757.0
Pedro II,756.99
Jussiape,756.0
Ananás,753.5
Sairé,747.0
Pocrane,747.0
São José do Egito,747.0
São Gonçalo do Sapucaí,747.0
Bataguassu,747.0
Estiva,747.0
Rio Real,747.0
UBERABA,747.0
São Francisco de Assis,747.0
Patu,747.0
Boa Nova,747.0
Carnaíba,747.0
Riolândia,747.0
Palmeira D'Oeste,747.0
Dores de Campos,747.0
Pendências,747.0
Malacacheta,746.4
MURIAÉ,745.0
Minador do Negrão,736.99
Moreno,736.99
São José da Coroa Grande,736.98
Xambrê,728.0
Engenheiro Coelho,728.0
São Joaquim,728.0
Prados,728.0
Fortaleza dos Nogueiras,728.0
Coluna,727.5
Campos Altos,727.0
Rio do Fogo,727.0
Alcinópolis,727.0
Jiquiriçá,727.0
Cumuruxatiba,727.0
Urupá,727.0
Itauçu,727.0
Ouro Verde,727.0
São José da Safira,727.0
Ipiranga de Goiás,727.0
Viamão,726.0
Turvo,726.0
Francisco Santos,726.0
Barrinha,716.8
São Thomé das Letras,708.0
Pedro do Rosário,708.0
Alto Piquiri,708.0
Rubinéia,708.0
Felipe Guerra,707.0
Santa Vitória do Palmar,699.99
Cupira,698.0
Conceição da Aparecida,698.0
IGARACU DO TIETE,698.0
JaguariunA,698.0
Ribeirão Cascalheira,698.0
Itaju,698.0
Novo Oriente de Minas,698.0
CATAGUASES,698.0
Francisco Dumont,698.0
BIRIGUI,698.0
Barbalha,698.0
Boa Viagem,698.0
Jijoca de Jericoacoara,698.0
Candói,698.0
Paulistana,698.0
Edéia,698.0
Paraopeba,698.0
Nova Santa Bárbara,698.0
ouro preto,697.0
Cuité,697.0
Guiricema,697.0
Panorama,696.0
Cachoeira do Campo,696.0
Barra de São Miguel,696.0
Goianésia do Pará,696.0
Itapagipe,696.0
Boca da Mata,696.0
Josenópolis,687.0
Uauá,678.0
Itaiópolis,678.0
NOVA MUTUM,678.0
Tarauacá,677.4
Piranguinho,677.0
Itapicuru,677.0
Aliança,677.0
Guapiara,677.0
Miguel Calmon,673.5
São João da Serra,673.5
Dom Basílio,673.5
Itambaracá,662.5
Frecheirinha,659.98
Petrolina ,658.0
Araruama ,658.0
Antônio Carlos,657.25
Buritama,657.0
Nova Santa Rita,653.5
Lagoa Vermelha,649.0
São Ludgero,649.0
Catende,649.0
ITAMBE,649.0
Morro do Chapéu,649.0
aracaju,649.0
Dois Irmãos do Buriti,649.0
Alhandra,648.0
Salesópolis,648.0
Piranga,648.0
Carbonita,647.0
Itapebi,647.0
Buerarema,647.0
Santa Cruz de Monte Castelo,647.0
Mercês,647.0
Arame,647.0
Iuiu,647.0
Pomerode,642.2
Canaa dos Carajás ,638.0
São Sebastião de Campos,637.0
Brasnorte,629.0
Santa Cruz da Conceição,629.0
Amorinópolis,629.0
Nova Ipixuna,629.0
Suzano ,629.0
Pontes Gestal,629.0
Populina,629.0
Garuva,629.0
Santo Antônio da Patrulha,629.0
São Gabriel da Cachoeira,628.99
Barra de São João,628.0
Buri,628.0
Ibertioga,628.0
Álvaro de Carvalho,628.0
Balneário Camboriu,628.0
Canhotinho,628.0
São Francisco do Conde,628.0
Lajedo do Tabocal,628.0
VALINHOS,627.6
Camanducaia,627.0
Santo Antônio do Pinhal,627.0
Paulistas,627.0
Canaa Dos Carajas,627.0
Botuporã,627.0
Ibirá,625.0
Palmeira das Missões,622.5
Ibiúna,616.0
Pescaria Brava,613.0
Pacaraima,610.49
Madre de Deus,609.3
Guarabira,608.99
Viradouro,608.0
Juquitiba,608.0
Santa Rita de Jacutinga,599.99
Cristina,599.99
Tamarana,599.99
DUQUE DE CAXIAS,599.99
Santa Maria do Cambucá,598.0
Vitória ,598.0
Chapada,598.0
Monte Castelo,598.0
belo horizonte,598.0
Tupanciretã,598.0
Manoel Viana,598.0
Itaí,598.0
São Tomás de Aquino,598.0
Pacajus,598.0
SP,598.0
Iracema do Oeste,598.0
Arapuá,598.0
TUBARAO,598.0
Agrestina,598.0
Barro Alto,598.0
Macedônia,598.0
Ponto Novo,598.0
General Salgado,598.0
Itaporã,598.0
Pedrinópolis,598.0
Iacanga,598.0
Rio dos Bois,598.0
Nazaré Paulista,598.0
Rio De JaneirO,597.0
Pesqueira,596.2
Califórnia,596.0
Tefé,596.0
Tunápolis,596.0
Ilha das Flores,596.0
Mucurici,596.0
Taperoá,581.2
Lupionópolis,579.0
Capim,579.0
Wenceslau Braz,579.0
SANTOS,579.0
Itapororoca,578.0
Bananeiras,578.0
Campanha,578.0
Cruz Machado,578.0
Aquidauana,577.0
Ipaumirim,577.0
Trajano de Moraes,577.0
Jaboatão dos Guararapes ,577.0
Niterói ,577.0
Telha,567.99
Araçaí,559.0
Nonoai,559.0
São Fernando,558.0
Goianira,558.0
Cássia,557.5
Madalena,557.0
Ceará-Mirim,556.5
Pipa,549.0
Campos dos Goytacazes ,549.0
Teresina de Goiás,549.0
Pontal do Araguaia,549.0
Alenquer,549.0
Lençóis,549.0
Terra Nova D'Oeste,549.0
Colorado do oeste,549.0
Planalto,549.0
Astorga,549.0
Pedra Azul,549.0
NOVA SERRANA,549.0
Venturosa,549.0
SalcDoe,549.0
BARRA MANSA,549.0
Açucena,549.0
Biguaçu,549.0
Adamantina,549.0
Apiacás,549.0
Maria da Fé,549.0
Barreiros,549.0
Itaguari,547.0
Monte Azul Paulista,547.0
Satuba,547.0
Monte Alegre do Piauí,547.0
Iguatu,547.0
Iperó,547.0
Costa Rica,547.0
Goitacazes,547.0
Barão do Triunfo,547.0
Itapirapuã Paulista,547.0
Porto União,544.99
Laranjeiras do Sul,538.99
Amontada,538.5
Camaquã,538.0
Estrela do Norte,538.0
Quedas do Iguaçu,537.0
São José do Norte,529.0
Veranópolis,529.0
Alvarenga,529.0
Recife ,529.0
Bezerros,529.0
Itanhomi,529.0
Alexandria,529.0
Dores de Guanhães,529.0
Água Azul do Norte,529.0
Abel Figueiredo,529.0
Herculândia,529.0
Carpina ,528.0
São Sebastião do Passé,528.0
Forquilhinha,528.0
Colméia,527.0
Miranorte,527.0
Abadia dos Dourados,523.5
Umburatiba,522.5
Viçosa do Ceará,518.7
Palmas de Monte Alto,517.0
São Pedro de Alcântara,516.99
Jardim de Piranhas,513.0
Codó,508.0
Materlândia,508.0
Arraial D'Ajuda,506.3
Santo Hipólito,499.0
Monte Belo,499.0
São Desidério,498.0
Itapuí,498.0
Santa Rita de Cássia,498.0
Conde,498.0
Camocim de São Félix,498.0
Campo Maior,498.0
SOROCABA,498.0
Capim Branco,498.0
Tabuleiro,498.0
Poços de caldas,498.0
Realeza,498.0
SÃo LuÍs,498.0
Aloândia,498.0
PATO BRANCO,498.0
Serra Azul,498.0
Vicência,498.0
Glória,498.0
Rincão,498.0
Vazante,498.0
Monsenhor Tabosa,498.0
Mogeiro,498.0
Missal,498.0
Botelhos,498.0
Ibipitanga,498.0
Torrinha ,498.0
Antônio Prado de Minas,498.0
Agudos,498.0
São Domingos do Maranhão,498.0
Araguaçu,498.0
Uruana,498.0
Aral Moreira,498.0
Jordânia,498.0
Passo de Torres,498.0
Santa Isabel do Pará,498.0
Itamogi,498.0
Messias,496.0
Arraias,488.0
Nova Alvorada do Sul,487.99
cabo frio,487.99
Pombos,486.6
Cláudio,479.0
Anaurilandia,479.0
Aruanã,479.0
Monte Formoso,479.0
Guaraniaçu,479.0
Nhandeara,479.0
Catanduvas,479.0
Princesa Isabel,479.0
Santa Branca,479.0
Salmourão,479.0
ARAPONGAS,479.0
Inaciolândia,479.0
Barrolândia,479.0
Arroio do Tigre,479.0
Jarinu,479.0
Carajás,478.99
Feira Nova,478.5
Faria Lemos,478.0
Barro,478.0
Santo Antônio do Aventureiro,478.0
iracemápolis,478.0
Holambra,477.5
Itaboraí ,477.0
Ladário,477.0
Novo Cruzeiro,477.0
Trancoso,475.4
São Pedro do Ivaí,468.0
Divisa Alegre,465.99
Alto Caparaó,458.0
Cansanção,458.0
Lavras do Sul,449.99
Conceição da Feira,449.99
Barra da estiva ,449.0
Colômbia,449.0
Carrancas,449.0
Campinápolis,449.0
Paranhos,449.0
Canto do Buriti,449.0
Primeiro de Maio,449.0
Paraibuna,449.0
Aldeias Altas,449.0
Rancho Alegre,449.0
VILA VELHA,449.0
Novo Santo Antônio,449.0
Altamira do Paraná,449.0
Nova mutum,449.0
Amaporã,449.0
NATAL,449.0
AMERICANA,449.0
Várzea Nova,449.0
Andaraí,449.0
Marco,449.0
Rondon,449.0
Magalhães de Almeida,449.0
UNAI,449.0
Juarez Távora,449.0
Joviânia,449.0
Jamapará,449.0
ATIBAIA,449.0
Santa Rita do Trivelato,449.0
Santa Vitória,449.0
Santo Antônio do Sudoeste,449.0
SÃO CAETANO DO SUL,449.0
Três Coroas,449.0
Três Cachoeiras,449.0
Indiana,449.0
Ilha Comprida,449.0
Iguape,449.0
Bento de Abreu,449.0
Águas Belas,449.0
Bernardino de Campos,449.0
Pedro Gomes,449.0
Boa Vista do Tupim,449.0
São João do Piauí,449.0
Tietê ,449.0
BROTAS,449.0
Potim,449.0
Águas de Santa Bárbara,449.0
Faxinal,449.0
Doverlândia,449.0
Pranchita,449.0
Cristópolis,449.0
Tasso Fragoso,449.0
Córrego do Ouro,449.0
São Lourenço do Oeste,448.0
Cumari,447.0
Santa Maria do Suaçuí,437.5
Cambará,437.5
Alpercata,429.99
Guatapará,429.0
Timbé do Sul,429.0
Dom Macedo Costa,429.0
Martins Soares,429.0
Dom Pedrito,429.0
JOAO PESSOA,429.0
Colônia Leopoldina,429.0
Ventania,429.0
Tapiratiba,429.0
São Domingos do Araguaia,429.0
Paripueira,429.0
Frei Inocêncio,429.0
anapolis,429.0
Mondaí,429.0
Campina da Lagoa,429.0
Rondolândia,429.0
UBERLANDIA,429.0
PALMAS,429.0
Nova Prata,429.0
Buenos Aires,429.0
SANTA CRUZ DO SUL,429.0
Taquarana,429.0
Angra dos Reis ,429.0
Capinzal do Norte,429.0
Jandaia,429.0
Pavão,429.0
Quinta do Sol,429.0
Feijó,429.0
ARAUCÁRIA,429.0
Nova Cruz,429.0
DOIS CORREGOS,429.0
Nova Esperança do Piriá,429.0
Matrinchã,429.0
Dourados ,429.0
Curral de Dentro,428.99
Casca,428.0
Apiaí,427.0
Miranda do Norte,427.0
Pirapemas,423.5
Águas Lindas de Goiás,423.5
Querência,418.5
Sirinhaém,418.0
Ibirité ,408.0
Matutina,403.5
Brejinho,399.99
Ibituruna,399.0
Poço das Antas,399.0
Siqueira Campos,398.0
Mossâmedes,398.0
São José de Piranhas,398.0
Tarabai,398.0
Graccho Cardoso,398.0
Nantes,398.0
Nordestina,398.0
VITÓRIA DA CONQUISTA,398.0
Nossa senhora do socorro ,398.0
Vera Cruz,398.0
Pedra Mole,398.0
Conceição do Pará,398.0
Pedreiras,398.0
GETULINA,398.0
Rianápolis,398.0
Frutuoso Gomes,398.0
São Lourenço do Sul,398.0
recife,398.0
Costa Marques,398.0
Francisco Alves,398.0
Raposa,398.0
Paranapanema,398.0
Ourolândia,398.0
Terezinha,398.0
Caldeirão Grande do Piauí,398.0
Caraúbas,398.0
Juiz de fora,398.0
SANTA CRUZ DO RIO PARDO,398.0
Clementina,398.0
João Dourado,398.0
Piaçabuçu,398.0
Araújos,398.0
Itaeté,398.0
Juranda,398.0
João Câmara,398.0
ItaboraÍ,398.0
Umbaúba,398.0
Adolfo,398.0
SAO BERNARDO DO CAMPO,398.0
Petrópolis ,398.0
Jequitibá,398.0
Macaíba,398.0
Uruçuca,398.0
Jarinu ,398.0
Jaguapitã,398.0
Tapiramutá,398.0
São Domingos do Capim,398.0
Augustinópolis,398.0
Indiaporã,398.0
belmonte,398.0
Cachoeira do Piriá,398.0
Mansidão,398.0
Itumirim,398.0
Itaquitinga,398.0
Aguanil,398.0
Aporá,398.0
Porto Firme,398.0
Chopinzinho,398.0
CAMACARI,398.0
Divino de São Lourenço,398.0
Igaci,398.0
CARUARU,398.0
Agudos do Sul,398.0
Senhora do Porto,398.0
SAO GONCALO,398.0
São Gonçalo do Piauí,398.0
Ibiraci,398.0
Mauá da Serra,398.0
Porto Trombetas,398.0
Messias Targino,398.0
São João de Pirabas,398.0
Cacequi,398.0
Ministro Andreazza,398.0
Boqueirão,398.0
CONCEICAO DO CASTELO,398.0
Carmo de Minas,398.0
Anadia,398.0
Paraisópolis,396.2
Galiléia,396.0
Manga,396.0
Paraguaçu,396.0
Armação dos búzios,387.0
Santa Rita do Araguaia,379.0
Utinga,379.0
Esperantinópolis,379.0
Cristais Paulista,379.0
Paranapoema,379.0
Embaúba,379.0
Ariranha do Ivaí,379.0
Teresopolis,379.0
Presidente Sarney,379.0
Fortaleza dos Valos,379.0
JOSE BONIFACIO,379.0
Bady Bassitt,379.0
Jacaraci,379.0
Colinas,379.0
Jaqueira,379.0
Pedrinhas Paulista,379.0
Breu Branco,379.0
JOINVILLE,379.0
Amarante do Maranhão,379.0
Rio Branco do Sul,379.0
Montes Claros de Goiás,379.0
Gurinhatã,379.0
Mongaguá,379.0
São João Evangelista,379.0
Sarapuí,379.0
Ibirapitanga,379.0
Anhumas,379.0
Areiópolis,379.0
PEDRO LEOPOLDO,379.0
Teresópolis ,379.0
Demerval Lobão,379.0
PAULINIA,379.0
Marcelândia,379.0
VOTORANTIM,379.0
Umarizal,379.0
Itaueira,379.0
Iguatemi,379.0
Salvador ,379.0
Campos Novos,378.0
Ijaci,378.0
Indiaroba,378.0
Aiuaba,377.99
Paranatama,377.0
rj,377.0
Limoeiro de Anadia,369.0
Aquidabã,367.99
cabo frio ,359.0
Machadinho D'Oeste,359.0
Olho D'Água Grande,359.0
Bela Vista,359.0
Marabá Paulista,359.0
Iguaraçu,359.0
Ituberá,359.0
Caçapava do Sul,359.0
Turvânia,358.0
Marica,358.0
Zé Doca,349.0
Piritiba,349.0
PIRATININGA,349.0
Piquerobi,349.0
PINHAIS,349.0
Piacatu,349.0
Pardinho,349.0
Paracuru,349.0
Palmeiras,349.0
45992674,349.0
OSASCO,349.0
Restinga,349.0
MURIAE,349.0
Munhoz de Melo,349.0
Monte Alegre de Sergipe,349.0
Montanhas,349.0
Rio Negro,349.0
Mesquita ,349.0
Maués,349.0
Mascote,349.0
Rio verde,349.0
Manoel Ribas,349.0
Lídice,349.0
Laje,349.0
LAGOA DOURADA,349.0
Santa Cruz das palmeiras,349.0
Jupi,349.0
João Alfredo,349.0
Joanópolis,349.0
Santa Maria do Pará,349.0
Jandaíra,349.0
Itatiaiuçu,349.0
Santa Terezinha,349.0
Itagimirim,349.0
São Francisco de Goiás,349.0
Icó,349.0
São Geraldo do Araguaia,349.0
São Gonçalo do Rio Abaixo,349.0
Ibicuí,349.0
HORTOLANDIA,349.0
São José do Cedro,349.0
São José do Goiabal,349.0
São José do Seridó,349.0
Giruá,349.0
Fronteira,349.0
Formosa do Oeste,349.0
Farol,349.0
Espumoso,349.0
São Sebastião da Vargem Alegre,349.0
Descanso,349.0
Delfinópolis,349.0
Damianópolis,349.0
Curionópolis,349.0
Cuité de Mamanguape,349.0
Cruzeiro do Sul ,349.0
Cruzeiro ,349.0
Coroatá,349.0
Constantina,349.0
Conceição da Barra de Minas,349.0
Catigua,349.0
Casa Branca ,349.0
Sumé,349.0
Cândido de Abreu,349.0
Canápolis,349.0
Calçado,349.0
Cachoeira de Goiás,349.0
Cabo frio ,349.0
Theobroma,349.0
Brejo do Cruz,349.0
Bayeux,349.0
Batalha,349.0
Três Pontas ,349.0
Turvelândia,349.0
Arari,349.0
Aracruz ,349.0
Araçás,349.0
Alvorada D'Oeste,349.0
Visconde de Imbé,349.0
VITÓRIA,349.0
Wenceslau Guimarães,349.0
Mamanguape,339.5
Monnerat,339.0
Itapecuru Mirim,339.0
Resende ,329.99
Serra do Mel,329.99
Água Doce,329.99
brasilia,329.0
Rebouças,329.0
Palmitos,329.0
Porto Real do Colégio,329.0
Caracol,329.0
Minduri,329.0
Monteiro,329.0
PETROPOLIS,329.0
IBITINGA,329.0
Ibaté,329.0
Ipiaçu,328.99
Estância Velha,327.0
Minas do Leão,324.5
Aurilândia,314.3
Governador Mangabeira,308.0
Sandolândia,299.0
linhares,299.0
Rio Formoso,298.99
Cavalcante,298.8
Portão,298.0
pedreira,298.0
MACEIO,298.0
Capetinga,298.0
MANAUS,298.0
Fazenda rio grande ,298.0
Atílio Vivácqua,298.0
Quintana,298.0
Gabriel Monteiro,298.0
Jacaraú,298.0
Barbosa,298.0
São Bento Abade,298.0
São Jerônimo,298.0
Nicolau Vergueiro,298.0
Iaciara,298.0
Alto Parnaíba,298.0
BELFORD ROXO,298.0
Nova Iguaçu ,298.0
Abaiara,298.0
santa cruz das palmeiras,298.0
Uruoca,287.99
Sant'Ana do Livramento,287.0
Santa Maria de Itabira,279.0
Dois Irmãos,279.0
Macaubal,279.0
Janiópolis,279.0
Barra dos coqueiros-se ,279.0
Uraí,279.0
Alumínio,279.0
Bonfinópolis,279.0
Murici,279.0
Abadiânia,279.0
Riozinho,279.0
Caranaíba,279.0
Lassance,279.0
Nova lima ,279.0
Esplanada,278.6
Marliéria,278.5
Sao Joao Nepomuceno,278.0
Capitão Enéas,278.0
Porto Calvo,278.0
Castanheira,274.5
Charqueada,274.5
Lucianópolis,269.0
Paulo Lopes,267.0
Muriae,267.0
Vitória do Xingu,263.45
Inhapi,263.2
Porto de Moz,263.2
Simolândia,259.0
janaúba,259.0
Marapoama,259.0
Jucás,258.0
Guaimbê,258.0
Pitanga,257.4
Taquara,249.0
Cardeal da Silva,249.0
Angatuba,249.0
Barra Da Estiva,249.0
Ângulo,249.0
Reduto,249.0
Pilar do Sul,249.0
Nova Roma do Sul,249.0
Itororó,249.0
Santana do Riacho,249.0
Ipatinga ,249.0
Jaci Paraná,249.0
Bela Vista de Goiás,249.0
São João do Manteninha,249.0
Cristalândia do Piauí,249.0
Virgínia,249.0
Araguatins,249.0
Boa Ventura,249.0
São Pedro do Sul,249.0
Pintadas,249.0
Sardoá,249.0
Paineiras,248.99
Romaria,248.0
Alterosa,247.0
cordeiropolis,247.0
Rj,245.0
Uchoa,239.99
Jucati,238.99
Cajueiro,238.8
Carira,229.0
Maracanã,229.0
Treze de Maio,229.0
Saloá,229.0
Conchas,229.0
Riachuelo,229.0
Firmino Alves,229.0
Nova Independência,229.0
Japonvar,229.0
Coroados,229.0
São Paulo ,224.5
Itaíba,224.5
Barra D'Alcântara,224.5
Vertente do Lério,224.5
Regente Feijó,223.5
Maceio,221.99
Glicério,215.2
Pai Pedro,209.4
Igarapava,209.4
Ouvidor,199.99
Mairinque,199.0
Brasilia,199.0
Pedralva,199.0
Vitória do Mearim,198.0
loUVEIRA,198.0
Guarantã,198.0
Rio Doce,198.0
Kaloré,198.0
BRUMADINHO,198.0
Figueira,198.0
Ferros,198.0
Vianópolis,198.0
TERESINA,198.0
São Geraldo,198.0
Icaraíma,198.0
Lagoa Formosa,198.0
Pirajuí,198.0
INDAIATUBA,198.0
Saudades,198.0
Cafezal do Sul,198.0
Vila dos Corodos,198.0
São Domingos das Dores,198.0
Wall Ferraz,198.0
ITAJAI,198.0
Itá,198.0
Montenegro,198.0
Cuiaba,198.0
Trindade do Sul,198.0
Caiana,198.0
Miranorte ,189.0
Bandeira,189.0
Campo Alegre,189.0
Anastácio,189.0
Entre Rios.,179.99
Taiúva,179.0
Goianápolis,179.0
Nova Aliança,179.0
CARIACICA,179.0
Pratápolis,179.0
Orobó,179.0
Junqueirópolis,179.0
Dona Emma,179.0
Araçariguama,179.0
Borborema,179.0
Capitão Leônidas Marques,179.0
Aramari,174.5
Marinópolis,174.5
São Sebastião do Caí,174.5
Pontalina,169.0
Indianópolis,169.0
Núcleo Residencial Pilar,169.0
Cariacica ,159.0
Barras,159.0
Santa Bárbara d'Oeste,159.0
PERUIBE,159.0
BaixokGuandu,149.99
Nova Cantu,149.98
Maricá ,149.4
Volta Redonda ,149.4
Saquarema ,149.0
Piracema,149.0
Jundiaí ,149.0
Santa Mônica,149.0
Itiúba,149.0
Itaguaru,149.0
São Francisco do Glória,149.0
Nova Londrina,149.0
Bocaina de Minas,149.0
SAO JOSE,149.0
Goianá,149.0
Cabreúva,149.0
Centro  Rio de Janeiro,149.0
Cardoso,149.0
Urubici,139.0
Teodoro Sampaio,134.5
Estrela do Indaiá,129.0
Pedreira ,129.0
Américo Brasiliense,129.0
Rio de jant,129.0
Taquarivaí,129.0
Itajá,129.0
Edealina,129.0
Santa Carmem,129.0
Parelhas,124.5
Bias Fortes,119.0
São João do Caiuá,119.0
Wanderley,98.0
Jaci,98.0
Comendador Venâncio,98.0
Vicosa,98.0
Santo Antônio do Monte,89.99
Anápolis ,89.99
Itaguaí ,89.99
Videira,89.99
Pedro Canario ,89.99
cacoal,79.99
Itirapina,79.2
São Vicente de Paula,59.0
Itacurussá,49.0
Sabáudia,10.0
